-0.051456,0.1746,0.10853,0.1242,0.21343,-0.14941,-0.12692,-0.22851,-0.083322,-0.14936,-0.22679,-0.012078,-0.052943,0.031876,-0.023741,0.11885
0.010335,0.16435,0.36106,-0.10272,0.1496,-0.088453,-0.44982,0.18593,-0.017067,0.25856,0.11569,-0.13736,0.04345,0.044704,0.15372,-0.14844
0.010467,-0.15109,-0.0067285,0.07688,-0.13245,-0.073037,-0.10866,0.2332,0.2216,0.25925,0.20723,0.22917,-0.28881,-0.083954,0.13544,-0.10109
0.0086399,-0.057605,-0.105,-0.16434,0.19651,-0.088071,0.21343,-0.021054,0.06673,0.023575,-0.25315,-0.080571,0.0026541,-0.056327,0.12692,-0.040523
-0.046909,0.10475,0.046047,0.13107,-0.089223,-0.073849,0.09194,0.17958,-0.17905,-0.10154,0.20954,0.047741,-0.022661,0.012747,0.051411,0.066002
-0.10427,0.070133,0.12333,-0.11998,-0.1217,0.084273,-0.094456,-0.21433,-0.054323,0.14255,0.070118,-0.14349,-0.018948,0.15572,-0.1262,0.05188
-0.1179,-0.16129,0.017751,-0.0029123,0.09146,0.082452,0.072849,0.065241,0.1145,0.04778,0.086366,0.097518,-0.10887,-0.10943,0.0079001,-0.10714
-0.097414,0.064758,0.05186,0.069747,0.038708,0.087299,-0.0076537,0.036188,-0.041833,-0.02061,0.067441,0.0663,-0.068148,0.081013,0.044057,0.049737
0.055944,-0.0001146,0.0025013,0.13525,0.095547,-0.048048,-0.27247,-0.037917,-0.094335,0.17996,0.1967,0.18017,0.12615,0.075689,0.19072,0.10826
-0.012118,0.23715,0.21679,-0.15444,0.15415,-0.21158,0.12823,-0.16741,-0.1385,0.37789,0.070242,-0.18831,0.00030654,-0.27519,-0.13528,0.21468
0.050041,-0.15922,-0.063892,-0.1515,-0.28875,-0.28665,-0.32827,-0.06889,0.28792,-0.085786,0.22096,-0.056639,0.037514,0.017708,0.038544,0.050759
0.065511,0.10528,0.17676,0.16611,0.25747,-0.05619,0.052741,-0.030952,-0.022558,-0.072988,-0.091882,0.020894,-0.28641,0.088203,0.026009,-0.16417
0.094015,0.015845,0.18035,0.0051186,-0.12432,0.017151,-0.20007,-0.1209,-0.15365,-0.011441,-0.1086,-0.17765,0.22502,0.01097,0.034878,0.1868
-0.038112,0.030079,0.10585,-0.072102,-0.031596,0.12074,-0.10189,-0.10795,0.14262,0.045855,-0.031463,0.084463,0.063983,0.011424,-0.33552,-0.32317
-0.0075246,0.098062,-0.070742,-0.19982,-0.34405,0.0074866,0.12352,0.012668,0.24281,-0.16729,0.0078432,-0.0022394,0.090914,0.0032858,0.17704,-0.1375
-0.076265,0.11152,0.12945,0.090239,0.13913,0.11587,-0.063526,-0.08521,0.079738,0.21224,-0.05865,-0.23027,0.15482,-0.11165,0.13399,0.039897
0.085675,0.14707,-0.094416,0.025397,-0.095717,0.014309,0.14832,0.15203,0.14785,-0.22394,0.061105,0.015572,-0.22186,-0.00441,-0.017135,0.014809
0.0038132,0.090236,0.03434,-0.016217,-0.064888,-0.19248,-0.21878,0.10879,0.032902,0.22269,0.023637,0.13507,-0.037554,-0.30836,-0.32784,-0.26404
0.086132,0.065187,0.029084,0.030069,-0.051051,0.098837,0.057272,0.11228,0.097022,0.036323,-0.056141,-0.063226,0.12107,0.099824,-0.069404,0.052247
-0.10217,0.016585,0.14665,-0.039947,-0.0084602,-0.0346,-0.11266,-0.12393,-0.021193,0.0016931,-0.037897,0.016285,-0.051879,-0.075053,-0.012177,-0.0049349
0.1003,0.16479,0.23154,0.33529,0.38774,0.059946,-0.070185,-0.21732,-0.15555,-0.3452,0.40603,-0.091932,0.048144,0.06781,-0.22812,-0.0076852
-0.055098,0.0096467,-0.11039,-0.082642,-0.125,-0.10749,-0.11578,0.21675,0.096821,-0.14273,-0.13043,-0.10294,-0.0053521,-0.070361,-0.07431,-0.1056
-0.044284,0.22396,0.0091813,-0.18195,0.369,0.03561,-0.25001,0.34952,-0.31476,-0.21948,-0.040478,-0.037095,0.14344,-0.079607,-0.0089639,0.015912
-0.017018,-0.27115,-0.24421,-0.20034,-0.37781,-0.036346,0.20447,0.051244,-0.017073,0.053881,0.15573,0.024961,0.21913,0.018299,-0.11784,0.0089004
0.06942,-0.094683,0.042362,0.13602,-0.059573,-0.070015,-0.058884,-0.1524,0.099636,0.020105,-0.028073,-0.040952,-0.048938,-0.081945,0.064931,-0.037625
-0.042448,0.09013,-0.0060425,0.12217,-0.037918,-0.030576,-0.11017,-0.056262,-0.082384,-0.053863,0.0074083,0.12667,-0.19422,-0.18148,-0.07338,-0.013411
0.056539,0.054486,-0.07694,0.030901,0.040653,0.095802,0.10528,0.044938,0.034219,0.11261,-0.12516,0.05151,-0.098332,-0.090912,-0.10519,0.0034042
-0.10544,-0.20132,-0.21015,-0.08108,0.13597,0.1343,-0.4579,0.18638,0.26359,0.033862,-0.3556,-0.22827,-0.065073,-0.070356,0.13208,0.14825
-0.014594,-0.14818,-0.10745,-0.13695,0.18698,-0.028868,-0.17366,-0.16471,0.27195,0.24381,0.25995,0.19722,0.066742,0.069202,-0.12486,-0.11211
-0.11195,0.092672,0.17971,-0.20262,0.080767,0.15097,-0.16496,0.085861,-0.21322,0.2096,-0.21814,-0.042949,0.11247,-0.16615,0.14582,0.16741
-0.10165,-0.0010007,-0.10146,-0.02978,-0.10219,-0.088506,-0.086087,0.01183,-0.13523,-0.038448,-0.085421,0.084998,0.0571,-0.051432,-0.039527,0.11459
-0.074531,0.10362,0.05608,-0.042103,0.072694,0.021519,-0.0040764,0.05105,0.085034,-0.011269,-0.033509,0.0089801,0.1025,0.029108,-0.046664,0.022431
-0.11104,0.25233,0.44117,0.30246,-0.13342,0.168,-0.23853,-0.076683,-0.10363,-0.069527,0.15259,-0.38223,0.12492,0.12153,-0.23819,-0.066464
0.075662,-0.13469,0.024284,-0.25459,0.002976,0.12381,0.092775,0.15765,0.12235,0.2346,0.15469,0.15861,-0.13256,-0.10494,-0.066242,0.089119
-0.083507,-0.044063,-0.10267,-0.08898,0.025186,-0.068082,-0.013691,0.036384,-0.043721,-0.05454,0.01544,0.090626,-0.2031,0.1791,-0.1134,-0.07586
-0.013793,-0.037324,0.05975,-0.0054674,-0.023916,0.061731,-0.0072568,-0.010194,0.0037132,0.0098658,0.073332,0.083571,0.019391,0.046968,0.019409,0.09577
-0.069369,0.043164,-0.014514,-0.13593,-0.043183,-0.11005,0.087533,0.087736,-0.014632,0.14527,0.1504,0.12676,0.067963,0.050436,0.091432,0.12034
-0.060496,0.15538,0.045255,-0.057267,0.0096976,0.018902,-0.14966,0.06993,0.071472,-0.065779,-0.17529,-0.20061,-0.13601,-0.053545,-0.00049668,-0.0068783
-0.0051733,-0.092475,0.092425,0.14815,-0.16113,0.10563,0.094842,-0.21264,-0.18738,-0.13465,-0.082419,-0.037307,0.063511,0.066004,-0.0028946,0.064752
0.029723,0.15631,0.18422,-0.11097,-0.015343,0.056852,0.11197,-0.19705,0.26884,0.033419,0.030462,0.095064,-0.032173,-0.098618,0.01314,-0.028971
-0.0013759,-0.0032301,0.040705,-0.048046,-0.020895,-0.053676,0.24949,0.27911,-0.078725,-0.065878,0.1035,-0.19244,-0.24263,0.15942,-0.027671,-0.088561
-0.0058006,-0.030823,0.20926,-0.18989,-0.1685,-0.018033,-0.11491,-0.028817,-0.072838,-0.052114,-0.057688,-0.033069,-0.16247,0.19792,0.21724,-0.015219
0.0092681,0.029025,-0.027768,0.044772,0.11144,0.13182,0.14058,0.02534,0.10086,0.16889,-0.23975,0.046683,-0.068129,0.098546,0.068411,-0.048245
-0.042583,-0.048859,-0.15962,-0.071106,-0.08856,-0.04314,0.17923,-0.11069,-0.27752,0.12462,0.065019,0.12492,-0.0037944,0.093295,-0.22098,-0.20296
-0.078348,0.058989,-0.015918,0.00038117,0.034241,0.052119,0.10532,0.01869,0.12611,0.12096,0.11851,-0.13786,-0.15363,0.19676,0.014356,-0.11437
0.078172,-0.12782,-0.0080661,0.096426,0.16029,-0.021151,-0.089531,-0.14797,-0.12179,-0.12885,-0.12239,-0.074893,-0.1182,-0.073154,-0.018116,0.0020437
-0.032882,0.018736,0.044867,-0.013408,-0.027106,-0.036695,-0.038296,-0.025399,0.042019,-0.077845,-0.066285,-0.048318,-0.039073,-0.036099,-0.095085,0.010049
0.079309,-0.050563,0.031774,0.15173,-0.20204,-0.1678,0.14414,-0.072665,-0.08735,-0.017067,0.072439,0.2315,0.06625,0.072807,-0.071828,-0.14564
-0.054565,-0.073483,0.20097,-0.17811,0.13728,0.020935,-0.22815,-0.15969,-0.085251,0.012189,0.14072,0.015979,0.14287,-0.042866,0.10878,-0.069868
-0.026773,-0.020784,-0.040722,0.074021,-0.10069,-0.030706,-0.066489,0.17718,0.065974,0.14148,0.10015,-0.04976,0.10245,-0.07451,-0.17251,0.15245
-0.086908,-0.016798,-0.11454,-0.14082,-0.028034,-0.11744,-0.35908,-0.1637,0.34164,-0.11482,0.1425,0.070432,0.26078,-0.028153,0.14364,-0.215
0.079487,0.051862,0.09135,0.11924,0.090246,-0.030306,-0.10377,-0.0625,-0.050468,-0.023856,-0.070828,-0.059095,0.10598,-0.16559,0.23149,-0.21083
-0.069385,-0.019295,-0.0040917,-0.025312,-0.020695,-0.016306,0.0019454,-0.06432,0.0018499,0.03231,-0.015108,-0.073267,-0.033929,-0.026808,0.024345,-0.078879
-0.046712,-0.011862,-0.070723,-0.066117,-0.14602,0.096138,0.15366,-0.0034458,-0.18456,-0.10906,-0.15658,-0.14677,-0.094402,0.026191,0.16865,0.071061
0.028567,-0.14852,-0.22199,0.12956,0.0077391,-0.21536,0.16613,0.070304,-0.23311,-0.0037538,0.17082,-0.20239,-0.092116,-0.021902,-0.028795,0.098119
0.0020053,0.062082,-0.080978,-0.12122,0.057746,-0.038554,0.10501,0.070933,0.054049,0.055461,-0.10002,-0.065515,0.063436,0.079228,0.095802,0.062107
0.060847,-0.061593,-0.10219,-0.076595,-0.18943,-0.092752,0.05182,-0.066319,0.21075,-0.12157,-0.078791,-0.036107,-0.11425,0.059536,0.14405,-0.10944
0.01155,-0.025881,-0.16,0.020227,-0.081402,0.040667,0.030648,0.14508,-0.14476,-0.097761,0.29611,0.17331,0.16665,0.11808,0.10666,0.061983
0.1223,0.041413,0.038562,-0.11114,-0.071632,-0.20581,0.01475,-0.17389,0.089194,0.27995,-0.0008094,0.11095,0.19255,0.072837,0.15036,0.012526
0.11758,0.11596,-0.14527,0.050323,-0.12448,0.1519,-0.034074,0.10349,0.040522,0.090707,0.1047,-0.058481,0.04217,0.041047,-0.067919,-0.02717
0.087184,0.090522,-0.006598,0.063169,0.016591,0.096023,0.038697,0.0019662,0.0055976,-0.0034832,0.058742,-0.015958,0.043908,0.015982,-0.037342,0.064996
0.097436,-0.09978,-0.16491,0.12731,0.017859,0.056951,0.12561,0.056265,0.055961,0.034734,0.12015,0.10288,0.045615,-0.088803,-0.019579,-0.075143
-0.086947,-0.16747,-0.19379,-0.19665,-0.14852,-0.2041,-0.082842,0.085323,0.12209,0.12764,-0.17951,-0.12607,-0.069528,-0.029759,-0.070808,0.0069357
0.065692,0.14366,0.019335,-0.11642,-0.18289,0.095065,0.19431,0.16583,0.1441,0.11198,0.1048,0.067066,0.051502,0.00013153,-0.11232,-0.064795
-0.026185,0.033891,-0.027911,-0.027789,0.0049864,-0.033082,-0.04845,-0.047633,0.047299,-0.047121,-0.097218,0.064676,-0.025077,-0.093414,-0.04113,0.017344
-0.031339,-0.059194,-0.040079,-0.093317,-0.12305,0.026266,0.18881,-0.23217,-0.028733,0.077431,-0.03705,0.094497,-0.19396,0.10739,-0.063689,0.014149
-0.069411,-0.11077,0.13624,0.035319,-0.30647,0.024744,0.085894,0.38569,0.46203,-0.060944,-0.43982,-0.14113,0.35723,-0.24898,0.020146,0.008583
0.069307,0.0063395,0.026664,0.037651,0.098328,0.04334,0.1883,0.27165,0.36522,-0.059693,-0.38501,-0.045756,0.075957,-0.041036,-0.27268,-0.0049739
-0.06393,0.10021,-0.24314,0.1639,0.20013,0.18225,0.10554,0.082077,0.060996,0.079003,0.14502,-0.12568,0.013866,-0.11836,-0.097836,-0.23953
-0.02478,-0.060095,-0.030372,0.013262,0.091409,-0.080967,-0.085167,0.034703,-0.063378,-0.093561,-0.074383,-0.033189,0.13587,-0.082838,-0.10319,0.03096
-0.0010259,0.071872,-0.060143,0.22163,-0.045615,0.2377,-0.05998,-0.18572,-0.046997,-0.089812,-0.062268,0.095683,-0.093971,-0.029727,-0.05996,0.047352
-0.027857,-0.22878,0.037252,0.15931,-0.060327,-0.25679,-0.2781,0.24797,0.29032,-0.33801,0.096463,0.092813,-0.086905,-0.014543,0.24892,0.29706
0.10282,0.049679,-0.0044482,0.2418,-0.12238,-0.19516,-0.018505,-0.15904,0.22573,0.23247,0.018239,-0.037609,-0.1884,-0.033984,-0.036918,-0.1021
0.00024627,-0.11521,0.27876,-0.075938,0.094941,-0.10097,-0.020657,0.008915,-0.11353,0.04376,0.01232,0.010523,-0.17931,0.12455,-0.054721,0.015761
0.06002,-0.089027,0.14664,-0.070178,-0.10421,-0.10298,-0.036672,-0.035737,-0.087006,-0.083491,0.067935,-0.023309,-0.049101,-0.055616,0.092446,-0.044489
-0.0053055,0.32664,0.23181,0.26011,0.48805,0.52666,0.4576,-0.19248,-0.24121,-0.03563,-0.32116,0.14203,-0.17532,-0.11688,0.034352,-0.30293
-0.037368,-0.20417,-0.15826,0.10153,-0.0235,0.13368,-0.22306,-0.078146,0.0064622,-0.02748,-0.16017,-0.026361,0.13535,0.22748,0.09386,0.064004
-0.050338,0.14066,0.117,0.22772,0.18598,0.081787,0.17151,-0.23955,0.13251,0.087566,-0.18161,0.21515,-0.10824,-0.065361,-0.33667,-0.020951
0.044252,-0.10931,-0.067207,-0.078134,-0.070717,-0.11936,-0.023946,0.075746,-0.019186,-0.17887,0.1088,-0.054154,0.31122,0.14932,0.092384,0.047685
0.10705,0.12893,0.10254,0.0018721,0.11935,0.13919,0.13474,-0.14415,-0.17605,0.13277,0.13124,0.1018,0.016476,0.088751,0.11066,0.0051438
0.029162,0.049912,-0.084981,0.089962,0.25737,0.24508,0.00072897,0.14861,-0.23292,0.41714,-0.26662,-0.41999,-0.34706,-0.16468,-0.37557,-0.35199
0.00060033,0.060113,0.034956,0.10017,0.086303,-0.061073,0.024986,0.072566,0.040761,-0.058483,0.084784,-0.066897,-0.0061146,0.045692,0.028651,0.09282
-0.085449,0.34232,0.11185,0.10231,-0.40735,0.45313,0.47615,-0.43229,0.15319,-0.17826,-0.098611,-0.013845,0.13573,-0.11167,-0.067345,-0.071435
0.082349,-0.030132,0.19082,-0.33842,0.18079,-0.11668,0.01258,-0.1072,-0.2231,0.082515,-0.25227,-0.18309,0.27989,0.095705,-0.043501,0.17888
-0.071833,-0.15594,0.072963,-0.077176,0.022104,0.14005,-0.10782,-0.53063,0.25623,0.046502,-0.045907,0.012582,0.093394,-0.011375,0.017565,0.023284
-0.03579,-0.17346,0.020468,-0.09527,0.067087,-0.045968,-0.23451,0.086464,0.23054,0.2116,0.26576,0.0066611,0.031277,0.037602,-0.18302,-0.02604
0.079037,0.16097,0.16244,-0.095158,0.040302,0.051962,-0.015049,-0.02253,-0.11958,0.21035,-0.28655,0.2421,0.21898,-0.079008,-0.13522,0.045813
-0.09848,0.16078,0.15822,0.17083,0.14922,0.063426,0.11295,0.21927,0.039392,0.13359,-0.075553,-0.15811,-0.32294,0.20484,-0.012389,-0.044123
-0.03117,-0.26035,0.30244,-0.031494,-0.073276,0.13792,-0.045099,0.21064,0.050437,-0.16853,-0.16978,0.20541,-0.24338,-0.10817,0.085637,0.13608
0.074142,0.33756,-0.37887,-0.016598,0.24254,0.28647,0.09891,-0.052929,0.30765,-0.47185,-0.045804,0.014094,0.15704,0.03034,-0.34366,0.18752
0.10571,-0.346,0.035151,-0.21023,-0.13566,0.19088,0.14592,0.19441,0.19738,0.17825,0.21725,0.12292,-0.135,-0.093638,-0.0012022,-0.086532
-0.01513,0.2193,-0.048399,-0.19436,-0.46778,-0.74771,0.16352,-0.0066264,0.19428,0.11975,0.11705,0.42014,-0.19248,0.027847,0.22138,-0.19823
-0.028303,0.027815,0.046715,0.092999,-0.066623,-0.03108,-0.061775,-0.11769,-0.18016,0.26003,-0.065689,0.13985,-0.17751,-0.12157,-0.12324,-0.10912
-0.028403,0.15042,0.23135,0.25876,0.099737,0.14242,0.151,0.30699,0.17449,-0.065902,-0.29015,-0.17131,0.015787,0.12236,-0.18029,-0.25293
0.10393,-0.15029,-0.1139,-0.22195,0.47684,0.15711,-0.17355,0.29322,-0.17951,-0.38212,-0.15554,-0.091096,0.18233,0.055948,-0.063235,0.0086315
-0.1069,-0.021145,0.025995,-0.010261,-0.088648,0.0069508,-0.049752,-0.020477,0.049856,-0.039604,-0.065725,-0.090742,-0.0051635,0.038491,-0.0040171,-0.07792
0.079488,0.060634,0.086108,0.043646,0.12038,4.5502e-06,0.1116,-0.21735,0.23715,0.2052,0.089614,0.090691,-0.081409,-0.072917,-0.054332,-0.25514
-0.11482,-0.10959,0.033431,0.078161,0.01811,-0.0019382,0.0539,-0.01478,0.12804,-0.11036,0.055285,0.038068,0.088059,0.065754,-0.019329,0.0084454
0.060315,0.00044005,-0.049106,-0.12267,-0.059664,0.074491,-0.032883,0.11128,0.071853,0.13037,-0.03257,-0.088116,0.16484,0.082023,-0.14505,0.045111
0.062138,0.073655,-0.078409,-0.11001,-0.060282,0.12736,0.07406,0.0069218,0.075539,0.04171,0.060389,0.032604,0.0086897,-0.0085101,0.018767,0.067311
-0.061675,0.2447,0.40765,0.124,-0.0083738,-0.11302,-0.0026859,0.20636,-0.15321,-0.26016,-0.17444,-0.12851,-0.25303,0.19253,0.13589,-0.04289
-0.047841,0.12842,0.21058,0.19018,0.24361,-0.0984,0.14382,-0.060198,-0.056509,-0.31148,0.15695,0.022165,-0.045677,0.021909,-0.11035,-0.19006
0.048337,0.062213,0.15866,-0.0040078,-0.0090367,-0.10679,-0.09791,-0.13727,-0.051147,-0.072523,-0.10734,-0.13191,-0.11334,0.00068859,0.11438,0.055589
-0.073319,0.011067,0.069974,-0.10379,0.062061,0.020555,0.061302,0.018874,-0.0043556,0.014163,0.04984,-0.021105,0.067496,0.051953,-0.031251,0.073939
-0.097005,0.056724,0.0011351,0.0081206,0.063663,0.25109,-0.28516,0.031491,-0.076335,-0.18973,0.27882,0.19573,0.17267,0.081972,0.061652,0.057707
-0.043887,-0.11434,-0.35148,-0.080319,-0.10697,0.14747,-0.26882,-0.18503,0.035795,0.24303,0.28503,0.24477,0.15204,0.19106,0.15103,0.19587
0.031634,0.11059,0.077407,0.0033731,-0.004544,-0.11095,-0.06777,-0.11306,-0.10369,-0.049283,-0.11767,0.016622,-0.027415,-0.0060959,-0.078092,-0.06649
-0.10357,-0.12186,0.31894,0.073004,-0.23913,-0.30099,-0.16245,0.14633,0.095973,0.12541,0.059682,-0.0069423,0.12994,-0.16434,-0.16457,-0.17653
-0.018581,-0.072363,-0.11319,0.07887,0.083962,-0.0013382,0.10878,0.0080038,0.083756,0.068883,-0.11805,0.022079,0.047559,0.094778,0.045853,-0.016049
0.020427,0.013484,0.044553,0.027891,-0.10538,0.044503,0.089277,0.099218,-0.062671,0.090852,0.10931,0.078838,0.049833,0.011362,0.019808,0.024647
-0.056973,-0.12257,0.027498,0.0095734,0.16583,-0.089308,0.05246,0.043053,-0.043368,0.092212,0.080987,0.1113,0.049037,0.053414,-0.07089,-0.1053
-0.10411,-0.35374,0.017335,-0.0122,-0.077678,-0.03145,0.083483,0.0068446,0.11991,0.044391,0.23839,0.021952,-0.24291,0.087028,-0.036825,0.21094
0.04256,-0.0097942,0.038139,0.046659,0.026772,-0.0012861,-0.017595,-0.10745,0.13916,0.0031156,0.10908,-0.033574,0.089869,0.021576,0.10188,0.046816
0.10045,-0.12719,-0.30578,0.17532,-0.063811,-0.016516,0.055453,-0.22591,-0.14122,0.44154,0.27749,-0.0054922,-0.28607,0.088443,-0.045911,0.35249
0.095574,-0.1209,-0.14344,-0.28218,-0.36155,-0.020335,0.31667,0.27605,-0.16511,-0.18788,0.33153,-0.10784,0.24059,-0.080403,-0.23396,-0.36842
0.10009,0.17712,0.20395,-0.2061,0.038173,-0.31341,0.080663,-0.20234,0.18103,0.10598,0.22543,0.14144,0.14517,0.060014,0.076812,0.047084
0.010912,0.27934,0.011112,-0.015447,0.098294,-0.063511,0.27295,0.096495,-0.23449,-0.31788,-0.22648,-0.1577,-0.029293,-0.056445,-0.06944,-0.1246
-0.048955,-0.014331,-0.18973,-0.034426,0.26226,0.11892,0.2764,0.13771,-0.079521,-0.064352,0.020825,-0.2222,-0.067,0.030399,0.093177,-0.26245
0.10048,-0.086091,-0.043709,-0.085036,-0.06064,0.056018,-0.08413,0.019737,-0.092163,-0.0063171,-0.05224,0.035864,-0.04292,-0.03583,-0.03474,-0.077134
0.016378,0.12871,0.093128,0.023437,0.060929,0.019768,0.12387,0.084518,0.090821,0.063035,0.13074,0.054661,-0.14736,-0.065612,0.0047821,-0.097081
-0.079035,-0.035846,-0.060205,-0.0083066,-0.087232,0.019997,-0.10158,-0.0055056,-0.062111,-0.1004,-0.06795,-0.067855,0.01137,-0.007199,0.050569,0.20772
0.04893,0.39305,0.069635,-0.065988,-0.26306,0.072641,-0.14931,0.23608,0.030373,0.12778,0.13276,0.054163,-0.28887,0.24533,-0.17126,-0.13059
-0.016504,-0.030429,-0.13695,0.066139,0.19436,0.050937,0.093779,-0.12342,-0.11176,-0.17635,-0.13137,-0.15994,-0.18577,0.0050934,-0.15022,-0.10966
-0.064133,-0.26583,0.16041,0.19347,0.07571,0.0094061,-0.16313,0.48968,-0.12339,-0.35147,-0.23365,-0.04893,0.272,-0.13936,-0.07754,-0.10406
0.11522,-0.10959,-0.13284,0.35078,-0.12678,0.15927,-0.079056,0.18669,0.14683,0.18542,-0.054739,-0.20337,-0.2747,-0.19901,-0.088931,-0.061914
-0.05778,-0.10688,0.020777,0.0065693,0.063643,0.015817,-0.010002,0.10316,0.10271,-0.0015708,0.0053759,0.068145,0.06795,0.038802,0.0093014,0.029887
0.070265,0.116,0.091403,0.14977,0.010321,-0.23396,0.15431,0.16192,0.12157,0.23821,-0.24779,0.096495,-0.13398,-0.00015516,-0.2253,-0.12554
0.10211,-0.10923,0.0037022,-0.11991,0.077022,-0.042117,-0.011611,0.081532,0.094565,0.097896,0.047472,0.097379,0.162,0.087883,0.14796,-0.003717
0.099772,-0.23893,-0.12814,-0.17102,-0.033044,-0.15032,0.13928,0.14837,0.1983,0.24027,0.1146,0.11728,0.01064,0.048549,0.068917,-0.013072
0.060784,-0.069697,-0.032112,-0.074181,-0.070727,-0.0065282,0.088602,-0.064818,-0.10736,0.035727,-0.025782,-0.023411,-0.091727,0.00041272,0.073331,-0.085636
-0.0042375,0.16467,0.0069402,-0.040141,0.30723,0.071736,0.047278,-0.20574,-0.098854,-0.053075,-0.4525,0.033671,0.37263,-0.12746,-0.22778,0.063561
0.064048,-0.043658,-0.022054,0.032742,0.03401,-0.0073045,0.023512,0.020733,0.050195,0.044593,0.090753,-0.022559,-0.0086633,0.062464,0.08814,0.01232
-0.071672,0.044113,0.066721,-0.10614,0.20654,-0.014475,-0.11826,0.070359,-0.22533,0.28731,0.061041,0.16858,-0.1983,0.10604,-0.11684,0.040632
0.093808,-0.0098185,0.00035988,-0.067945,0.0077933,0.065804,-0.019376,0.16764,0.23132,-0.28156,-0.003874,0.18641,-0.010746,-0.042889,0.042938,0.050123
-0.091128,0.24524,0.14407,0.1224,0.02965,-0.14308,-0.10435,0.24901,-0.21984,-0.14189,-0.079828,0.10043,0.1887,-0.04857,0.063408,-0.49083
-0.018216,-0.088323,0.10174,0.13241,-0.080975,-0.10012,0.19797,-0.17533,-0.10882,-0.075399,-0.05206,-0.041555,-0.009341,-0.043238,0.039384,-0.04967
0.10028,-0.38016,0.025682,-0.11405,0.21356,0.028146,-0.1153,0.062854,0.29924,-0.067604,-0.038851,-0.0039532,-0.17401,-6.2402e-05,-0.056631,-0.021938
0.080733,0.077859,0.10101,0.082806,-0.10262,0.029694,0.078458,0.055055,0.040131,-0.082916,0.070541,0.010916,0.0048544,-0.048839,0.04897,-0.016271
-0.02284,-0.12527,-0.0359,0.011828,0.056206,0.07856,-0.13125,0.030106,0.087196,0.056818,0.079379,0.11923,0.073356,0.099098,-0.0097261,-0.00524
0.033664,0.067795,-0.0041677,0.0040482,0.26563,-0.53105,0.37268,0.28387,-0.18975,-0.32038,0.3968,0.16894,-0.19342,-0.4522,-0.20375,-0.18526
-0.086485,0.048261,-0.025483,-0.0089925,0.15754,-0.12014,0.042848,-0.4351,0.4064,0.1412,0.14515,0.18399,0.069892,0.075134,0.065607,0.097909
-0.021628,-0.068407,-0.16606,-0.27218,-0.20614,0.15029,-0.038366,-0.05296,-0.11731,-0.22141,0.34022,0.18154,-0.0085222,0.20144,-0.085695,-0.3768
0.039906,0.00268,-0.095453,-0.054133,-0.22268,0.11978,-0.052388,-0.35076,0.43581,-0.32015,0.056241,0.25371,0.40541,-0.37534,0.20151,0.5742
-0.061217,0.058564,-0.16481,-0.09918,-0.21176,-0.084894,-0.082599,0.20446,0.23,0.20896,0.26068,0.20438,0.056779,0.10575,0.12558,0.075347
0.047624,-0.015604,0.0014403,0.06934,-0.027779,0.0060292,0.09732,-0.0059249,0.059304,0.15277,0.12263,-0.11939,-0.16267,-0.090071,-0.042504,-0.039032
-0.027183,-0.0245,0.12388,-0.021022,-0.11385,0.16974,-0.031031,-0.075365,-0.16154,-0.12163,-0.042495,-0.06057,-0.039034,0.1088,0.17706,0.0015825
0.079813,0.16247,0.09893,-0.039575,0.15499,0.28294,-0.092737,0.12518,-0.27864,-0.19357,-0.32041,-0.11439,-0.070575,-0.042376,-0.1731,-0.08878
-0.11355,-0.16939,-0.39576,-0.20926,0.24876,-0.072193,0.12704,-0.26768,-0.1208,-0.1536,0.45097,0.24622,0.20587,0.14226,0.12533,0.14707
0.042488,0.062022,0.19749,-0.058945,0.088487,-0.099124,-0.13853,0.15847,0.1249,-0.12915,0.077923,0.01564,0.085597,0.12252,-0.060331,-0.071057
0.040973,-0.016044,-0.0030645,-0.070782,0.044077,-0.086572,-0.085585,-0.074364,0.051674,0.011685,-0.087809,0.022704,-0.0070786,-0.078411,-0.070734,0.076577
-0.041976,-0.034578,-0.092682,-0.073425,-0.077117,-0.15503,0.021246,-0.0088037,-0.36927,0.25701,-0.067395,-0.046072,0.50029,0.15946,0.1215,0.1093
0.089496,0.026519,0.28902,0.14768,-0.098933,0.017293,-0.085904,0.42449,-0.41524,-0.24986,0.028295,0.023125,-0.10754,-0.10203,-0.050323,-0.0035343
-0.061743,-0.020781,-0.1529,0.096426,0.065826,-0.17266,-0.023572,-0.084631,0.1331,-0.13372,0.34832,0.070656,0.013916,0.12317,0.093667,0.002252
0.031034,0.17881,0.22184,-0.083573,0.13144,-0.081132,-0.17372,-0.023654,0.22548,0.052933,0.00013084,0.069731,0.10671,-0.19412,0.020222,-0.023999
0.069257,0.1753,-0.16301,-0.038468,0.18288,0.16594,-0.096443,-0.16119,-0.012586,0.25503,-0.18515,-0.07734,-0.1049,-0.16804,-0.09362,-0.17233
-0.078259,-0.032148,0.06662,0.12064,-0.12019,-0.15712,-0.011828,0.056941,0.037644,0.078739,0.14444,-0.11048,-0.33973,0.36274,-0.17119,0.33949
0.043107,0.091466,0.09475,0.00088235,-0.09853,-0.10863,-0.067528,-0.038853,-0.08335,-0.12893,-0.030779,-0.0094309,-0.077942,0.049794,0.11436,-0.043345
0.11313,-0.066296,0.016484,-0.026307,-0.033913,-0.023921,0.0075109,-0.034617,0.018183,-0.069708,0.0099972,-0.075132,0.086437,0.15833,0.032774,-0.1692
-0.070491,-0.10493,0.069328,-0.077338,-0.013025,0.032994,-0.0088383,0.12011,0.12186,0.091047,0.034006,0.034718,0.056897,0.089833,-0.0033911,0.034729
-0.072126,-0.062288,-0.26025,0.21474,0.16975,-0.31336,0.18886,-0.40266,0.04388,0.29583,-0.17389,0.25776,0.087409,-0.04405,0.0021758,0.0068552
-0.015805,-0.098838,-0.23637,0.12251,0.031927,-0.05906,-0.087626,-0.023021,-0.0056605,-0.060134,-0.015216,-0.030261,-0.020761,-0.070598,-0.076284,0.048855
-0.11323,-0.14521,-0.19071,-0.055846,0.0071607,0.059356,0.023707,0.025899,0.12356,-0.092865,0.079451,0.11136,0.030786,0.0999,-0.06124,-0.12104
-0.057077,-0.31164,-0.077637,0.1675,-0.22775,-0.011315,0.11551,-0.22453,0.23246,0.065365,0.021736,0.0006564,0.19043,0.11413,-0.14135,0.11308
-0.053417,-0.10323,0.1485,-0.093455,-0.031852,0.11369,0.098046,0.096604,0.12784,-0.17596,-0.016885,0.062544,-0.014861,-0.12224,-0.01301,-0.085043
-0.032617,0.26578,-0.027416,0.058885,0.043076,-0.058621,-0.13273,-0.13777,0.18846,0.063175,-0.079843,-0.19891,-0.067209,0.072516,-0.13108,0.11151
-0.10195,-0.29248,0.024661,-0.0591,-0.058055,0.01262,0.1514,0.1575,0.16942,0.18615,-0.17195,0.020647,-0.15263,0.22008,-0.12408,0.18276
0.074853,-0.28766,-0.48394,-0.38871,-0.04364,0.070948,-0.26397,-0.096652,0.093254,-0.026109,0.67838,-0.14517,-0.062147,0.10568,-0.013931,0.22894
0.091408,0.17611,0.060282,0.028336,-0.0017335,-0.017339,0.2067,0.086938,0.14135,0.11955,0.16849,0.20215,-0.26195,-0.090987,0.012553,-0.12914
0.062827,0.062439,-0.08059,-0.023542,0.047015,-0.0229,-0.075083,0.014271,-0.089411,-0.049851,-0.075094,-0.056197,0.050679,-0.080294,-0.06312,0.04647
-0.066604,0.055524,0.25298,0.049312,0.085372,-0.26979,0.16481,-0.18975,-0.21561,-0.070262,0.0033831,-0.095872,0.064093,0.40335,-0.22814,0.026413
0.067462,-0.020144,0.08479,-0.05347,0.056347,-0.13964,0.006279,0.021186,-0.28776,0.32657,-0.014597,0.040578,0.13593,0.097632,0.13949,0.069977
-0.047052,-0.1413,0.20735,-0.38906,-0.10482,0.076422,-0.35807,0.14149,0.32714,0.23979,0.091093,0.18848,0.14789,0.10044,0.050578,0.070857
-0.063734,-0.0067671,-0.0094929,-0.079675,-0.031914,-0.0058931,-0.027475,-0.11422,-0.13262,-3.5427e-05,-0.090046,0.071077,0.05467,0.021249,-0.074158,-0.085094
-0.0076789,-0.02824,-0.031054,0.19393,0.15705,-0.027962,-0.10929,-0.2911,-0.046598,0.23462,0.049997,0.056753,-0.080079,-0.11324,-0.02185,0.14638
0.089891,0.10438,0.062115,-0.18479,0.25375,-0.046029,0.40488,-0.20984,-0.25713,-0.13714,-0.16287,-0.15878,-0.16268,-0.16679,-0.16008,-0.21943
-0.074582,-0.06887,-0.033214,0.089741,0.051603,0.12687,0.29741,0.066097,-0.08891,0.021119,-0.018956,-0.43464,-0.15474,-0.036996,-0.1251,0.0053652
-0.035785,-0.18946,-0.27062,-0.21248,-0.25013,0.18576,0.31111,-0.13471,-0.24976,-0.070416,0.071921,0.10217,0.0982,0.2848,0.14073,0.040473
0.036959,-0.063006,-0.0089734,0.19693,0.10537,-0.24598,-0.12068,0.29759,0.14861,0.13468,-0.17458,0.082459,-0.17837,-0.098726,-0.084959,0.16046
-0.094456,-0.21377,-0.27031,-0.43143,0.088893,0.18468,-0.13096,-0.087441,0.31299,-0.17562,-0.11676,-0.066636,-0.10082,-0.052575,0.1076,0.093341
0.085129,0.078602,-0.061449,-0.10822,0.049003,-0.089514,-0.013675,-0.05108,-0.039758,-0.064724,-0.0034991,0.026732,0.0061682,0.045489,-0.078975,-0.029763
0.089355,0.085507,-0.13137,0.057524,0.10719,0.098791,0.030804,0.031107,0.0019868,0.044381,0.067851,-0.0095764,0.052087,0.057758,-0.027993,-0.040507
0.10951,-0.020579,0.07738,0.0199,-0.055753,0.081974,0.07311,0.20258,0.2114,-0.22053,-0.11875,-0.03218,-0.079629,0.019207,0.1904,0.0517
0.0039972,-0.012834,0.013028,-0.042932,-0.072782,-0.032749,-0.061856,-0.011708,-0.05281,-0.0022521,0.10974,-0.098584,-0.11953,0.03223,-0.081902,-0.026079
0.037653,0.048879,0.092875,0.13019,0.076209,-0.11479,-0.12843,0.14455,0.12839,0.010093,0.36554,-0.21793,0.013177,-0.11799,-0.17436,0.10298
-0.042898,0.039452,-0.057624,0.051493,0.049274,-0.026396,-0.33278,0.19445,0.25228,0.069781,0.15018,0.021911,0.11467,0.11265,-0.027,0.015577
0.011617,-0.0041618,0.12311,0.082215,0.021378,0.14017,-0.12673,-0.075172,0.16168,0.042114,0.096674,-0.05401,-0.14276,0.13695,0.092775,-0.034988
0.086253,0.021715,0.011323,0.085682,-0.011524,0.09124,-0.02011,0.093518,0.097039,-0.04942,0.039746,0.066274,-0.041644,-0.015193,0.020756,-0.00020496
-0.10583,-0.17833,0.070459,-0.040734,0.11042,0.11435,0.15518,-0.094106,-0.019287,-0.076813,0.14033,0.13617,0.11099,0.12683,-0.027701,0.11887
-0.031165,0.21559,0.19914,0.063929,0.22427,0.43727,-0.072915,0.10017,-0.48647,0.30633,0.046054,-0.42235,0.00011801,-0.15196,0.22759,-0.22082
0.028081,0.064936,-0.013963,0.073682,0.061085,0.073149,-0.041562,0.020374,0.046221,0.055754,0.088482,-0.03346,0.00085044,0.073778,-0.0679,0.05518
-0.082301,-0.056124,0.049525,0.057168,-0.084748,0.12906,0.30721,-0.2146,-0.23566,-0.19588,-0.1862,-0.12781,0.12149,0.040668,0.19533,0.029964
-0.022512,-0.027559,0.14428,0.093517,0.054119,0.14152,-0.10435,-0.10558,-0.12456,-0.040544,-0.042877,-0.1761,0.15624,0.019666,-0.18346,0.12535
0.058274,-0.10409,0.021223,0.010149,0.016775,-0.012256,0.030953,0.053516,0.0052667,-0.023415,0.060178,0.058405,0.025845,-0.0097018,-0.0035627,0.091267
-0.018149,-0.085817,-0.08468,0.081962,-0.049705,-0.047225,0.063528,0.011555,-0.078446,0.0070351,-0.048528,-0.059413,-0.053176,-0.054553,-0.0082991,-0.073805
0.0064922,-0.10712,-0.018833,0.037544,-0.095856,-0.078054,-0.18032,-0.21393,-0.19873,0.29306,0.19234,-0.093254,-0.21407,0.025956,-0.029137,-0.091742
0.039456,-0.12908,0.18026,-0.034195,-0.025166,-0.072927,-0.082513,-0.23462,-0.03052,0.073273,0.11578,0.15235,-0.15738,0.20255,-0.14109,-0.082532
-0.032807,0.0984,0.019607,0.069118,0.035588,0.10853,0.097383,0.1537,-0.003183,0.21213,-0.19883,-0.092081,-0.010738,0.10884,0.080407,0.057077
0.036716,0.0061427,0.11979,0.086692,-0.2651,-0.38156,-0.1743,-0.15791,0.3338,0.29006,0.32846,-0.24911,0.022165,0.11061,0.098454,0.083093
0.053146,0.23183,0.29481,0.22384,0.23152,0.17141,-0.16061,-0.085975,0.41187,-0.30728,0.03615,0.04623,-0.093772,-0.018474,-0.24018,0.19712
-0.089846,-0.020557,0.090714,0.039118,0.035795,-0.079217,0.037372,-0.031714,-0.094797,-0.0022869,-0.11141,0.052389,-0.11277,-0.078274,-0.030664,-0.022901
0.092695,0.018589,0.22186,-0.17915,0.0058556,-0.523,0.22055,-0.061634,0.075776,0.26642,0.13617,-0.36819,-0.41723,0.4126,-0.052049,-0.55135
-0.0521,3.0313e-05,0.036641,0.054048,-0.052776,0.014404,0.062119,0.075605,0.076801,0.00091719,-0.0090633,0.050217,0.083326,0.046868,0.060094,-0.013528
-0.061777,0.12145,0.069449,0.12947,-0.0064137,0.088841,-0.014589,0.090407,0.12442,0.034905,0.16673,-0.15094,-0.084497,0.09418,0.0681,-0.064582
0.040896,0.16383,-0.21988,0.099794,0.052563,-0.025578,-0.20224,-0.37491,-0.1882,0.03263,0.24351,0.0093225,0.30476,0.18302,-0.071386,-0.087434
0.049682,0.080036,0.16307,-0.10126,-0.039048,0.1187,0.10812,-0.013229,0.069859,0.0096441,-0.11245,0.11996,0.071305,-0.11564,0.0263,-0.0091292
-0.12206,0.21147,0.16042,0.082622,-0.045383,0.20482,0.55747,-0.2121,-0.16132,0.064773,-0.033873,-0.043112,-0.003106,-0.2949,0.084233,-0.53264
-0.10931,0.10063,0.1942,-0.17583,-0.33556,0.17622,-0.30387,-0.10755,0.1743,0.17182,-0.031084,-0.10043,-0.1779,-0.056348,0.13325,0.17196
0.03848,-0.0068106,0.10333,-0.37807,-0.080071,0.16876,-0.36695,0.010362,-0.10266,0.0070173,0.25929,0.28291,0.15625,0.19601,0.27448,0.17597
-0.020443,0.039072,0.27661,0.14327,0.1812,-0.2912,0.23472,0.53511,-0.26549,-0.11536,-0.05385,0.10287,-0.087418,-0.058824,-0.020934,-0.19149
0.073338,-0.13555,-0.37978,-0.063612,-0.37725,0.17874,0.13036,-0.22226,0.3482,0.15599,0.21306,-0.23465,-0.14299,0.25076,0.31305,-0.022247
-0.051012,-0.19123,0.25453,-0.049693,-0.020784,-0.13721,-0.10442,-0.030428,-0.14562,-0.14023,0.12666,0.16238,-0.11747,-0.12069,0.081714,0.074556
0.10738,0.022073,-0.10206,-0.069123,-0.043787,-0.10255,-0.066433,-0.047947,-0.13806,-0.15118,-0.13609,-0.11481,0.11523,0.11111,0.07664,-0.082387
0.0078104,-0.022584,0.15595,-0.029719,-0.048705,0.0014385,0.35594,-0.56754,0.16947,-0.01731,0.021252,0.12021,-0.17467,0.18115,-0.19888,0.13975
-0.081856,0.10247,0.08065,-0.16211,0.19805,-0.17759,-0.1042,0.02041,-0.015921,-0.031491,0.0017888,-0.031533,0.011311,-0.011156,-0.15818,0.13052
-0.068991,0.27837,-0.07141,-0.17096,-0.22457,-0.08652,0.0073662,-0.20093,-0.074739,-0.14697,0.17805,0.10557,0.15142,-0.020368,0.24446,0.083106
-0.069251,0.0084513,0.039336,0.004521,0.10403,0.11827,0.15085,0.077726,0.094895,0.034223,-0.21528,0.2378,0.16149,-0.031618,-0.16314,-0.076139
0.085086,0.14869,-0.11252,0.20047,0.063034,0.064285,0.014124,-0.25131,-0.12439,-0.14553,-0.15376,-0.030369,-0.029877,0.0033214,0.095973,0.13026
-0.072286,0.13004,-0.056349,0.18471,0.09603,0.19688,-0.10037,-0.16889,-0.034805,-0.15859,-0.15781,-0.15283,-0.22075,-0.17061,-0.075191,-0.11593
0.072685,-0.038728,-0.066472,-0.050587,-0.08475,0.099692,0.035944,-0.028225,-0.083069,-0.062375,-0.08964,-0.055755,-0.095909,-0.041374,0.043201,-0.072218
-0.038955,0.12731,-0.20169,-0.15539,0.25407,-0.073091,0.031047,0.39009,0.0012239,-0.22077,-0.09595,0.14624,-0.019038,-0.079284,0.24793,0.051102
-0.033451,0.0026211,0.054036,0.13085,-0.11082,-0.0080609,-0.085849,0.022071,-0.10936,-0.028403,-0.14465,-0.12135,-0.049763,-0.010584,0.042498,0.06825
0.10726,0.48625,-0.054473,0.26756,-0.4645,-0.089582,0.21998,-0.26517,0.39728,-0.12341,-0.024155,0.078443,0.0067663,0.0007728,-0.028784,-0.13235
0.11952,-0.11095,0.039533,-0.053593,-0.026706,-0.14021,-0.07782,0.19923,0.24031,0.11121,0.10429,-0.010992,0.15665,0.15384,0.064634,0.17193
-0.074174,-0.096335,0.060663,0.034856,0.032065,0.092817,-0.048286,0.08435,0.05595,0.002492,0.023313,-0.10848,0.26976,-0.060601,-0.11944,0.10099
0.053581,-0.06104,-0.08417,-0.046673,-0.07443,0.025402,-0.088755,0.022544,-0.020784,-0.022921,-0.067165,-0.016748,0.087542,0.13431,0.031816,-0.0089096
-0.044578,-0.012827,-0.028153,0.10768,-0.16676,0.063122,0.21835,-0.10005,-0.1743,-0.0070597,-0.050403,-0.12526,-0.099597,-0.141,0.012879,-0.16364
0.015596,-0.10006,0.11586,-0.18816,-0.087524,0.26793,-0.071728,0.29413,-0.38036,0.19016,-0.26721,0.16711,-0.22752,-0.08449,0.095022,0.15631
-0.05257,0.063519,0.0030894,0.012977,0.028675,0.068057,0.031623,-0.01794,0.10852,0.076221,-0.023224,0.026951,0.018048,-0.076261,0.015617,-0.023713
-0.10728,-0.018086,0.09248,0.20609,-0.12526,0.16688,-0.020413,-0.30264,-0.1674,-0.035897,0.25244,0.048636,-0.11117,-0.0095587,-0.0079298,0.001686
-0.075205,0.032508,0.042553,0.064115,0.036701,0.11374,0.14533,-0.096959,-0.029423,-0.0089628,0.11878,0.081519,0.058568,0.053796,0.10869,-0.033737
0.10739,0.046262,0.090394,0.073911,0.33617,-0.13127,0.051321,-0.19758,-0.083763,0.20569,-0.055367,-0.00048735,0.049369,0.017194,0.11056,0.063839
0.012633,-0.00010603,0.010583,-0.083315,-0.063288,-0.064617,-0.064855,-0.022855,-0.043235,0.0073519,0.045188,-0.08786,-0.025121,-0.024428,-0.080622,0.022315
0.06241,-0.04173,-0.14675,0.022661,0.11743,-0.051522,0.24655,-0.27832,0.062005,0.18439,-0.063007,0.058387,-0.19483,-0.10449,-0.25662,-0.34519
0.0073142,-0.11608,-0.11797,-0.10594,-0.070156,-0.016969,-0.075053,0.16378,0.10265,0.13876,0.089702,0.16778,-0.10776,-0.01266,-0.074633,0.089104
0.011153,-0.26362,0.095333,0.169,0.26105,0.22658,0.018573,0.24796,-0.39083,0.26495,-0.42909,0.023757,-0.12159,-0.15889,0.10538,0.13755
-0.078469,0.029427,-0.18245,0.22312,0.25252,-0.41315,0.22812,0.43221,0.076167,-0.12923,-0.11995,-0.20506,0.056638,-0.00746,-0.22167,0.1611
-0.091271,-0.27336,0.24625,-0.29951,0.15758,-0.17442,0.037167,-0.051092,0.14941,-0.093004,-0.089904,-0.057064,0.027416,-0.021094,0.053333,0.031523
0.06324,0.033191,0.012037,-0.025126,0.018424,0.032913,0.040851,-0.052774,0.13911,-0.015914,0.076896,-0.20106,-0.25077,-0.19239,-0.18381,-0.089608
0.020932,-0.026299,-0.021965,0.099441,-0.069769,0.037464,0.045891,-0.13298,0.11673,-0.26494,0.17741,0.20066,0.1877,0.081214,0.090032,0.115
0.042585,-0.048058,0.029495,-0.3163,-0.075534,0.055962,-0.24945,0.19236,0.24788,0.0014257,-0.22591,0.16612,-0.09206,0.21297,0.24002,0.18811
-0.10676,-0.35031,0.43139,0.35761,-0.095095,-0.56333,0.25949,0.71834,-0.60787,0.011323,0.25038,0.047036,-0.14412,-0.05814,-0.2197,0.11891
0.007521,0.083504,0.091041,0.076284,0.04011,-0.13102,0.075772,0.026097,0.05077,-0.087275,-0.023222,0.062009,0.079616,-0.00031361,0.091346,0.087386
0.046488,0.041374,-0.0021603,0.17506,0.026529,0.16256,0.14395,0.11914,0.056293,0.037857,0.067067,0.02464,0.061243,-0.15313,-0.096906,-0.22739
0.091539,-0.11505,-0.098545,-0.084418,-0.032808,-0.05192,-0.17586,0.095915,0.040102,-0.039921,-0.10843,-0.1073,-0.092391,-0.00098786,0.084224,0.11399
-0.10098,-0.060704,0.06542,0.12109,-0.0041213,0.089893,-0.0056879,0.018984,0.16975,-0.05727,0.0055812,0.0096189,-0.20998,-0.064873,0.016132,0.019258
0.04272,0.016571,-0.013773,0.036076,-0.072031,-0.10705,-0.00184,-0.092505,-0.011547,-0.09464,0.014543,-0.051507,-0.058131,0.030349,0.10946,-0.041037
0.0069077,0.4612,-0.023858,0.075622,0.063188,-0.16459,0.3791,-0.14911,0.021826,-0.41018,-0.083487,0.40051,-0.098084,-0.20255,-0.26459,-0.018789
-0.074036,0.11742,0.2125,0.0094223,0.0348,-0.14704,-0.16998,0.011331,0.1411,0.16754,0.04444,0.094849,0.13772,0.097328,0.11525,-0.010261
-0.068316,-0.13395,-0.075618,-0.096793,-0.025108,0.26201,-0.073304,-0.6317,-0.067881,0.2889,-0.039792,-0.31802,0.47139,0.52444,0.31321,0.43095
0.013628,0.01072,0.022936,0.12911,0.15314,0.084568,0.077468,0.12468,0.14985,0.072871,-0.14904,-0.081442,-0.017115,0.080964,-0.0096393,-0.0078554
0.087688,0.055594,0.077831,-0.050326,0.0046628,0.035842,0.0083277,0.028763,0.062835,0.0057376,0.048924,0.0089324,0.0353,-0.030904,0.062296,0.077469
0.0040803,-0.084844,-0.099545,-0.053564,-0.0095315,-0.051861,0.0033332,-0.054689,-0.14395,0.12854,-0.00309,-0.018844,-0.09824,0.14942,-0.12967,0.029568
-0.050724,-0.084574,-0.096409,-0.02202,0.042053,-0.074589,-0.030341,-0.018636,-0.092119,0.018396,-0.10496,-0.011039,-0.11544,0.059946,0.12671,-0.042398
-0.10407,-0.051763,0.055871,0.04683,0.1088,0.019693,0.019273,0.015073,-0.12021,-0.1245,-0.10237,-0.11304,0.02859,-0.079574,-0.088024,-0.022354
-0.098831,-0.13939,-0.10735,-0.048148,-0.13716,-0.17969,-0.18781,0.16924,0.23694,-0.19544,-0.13714,-0.17396,-0.14417,-0.017164,0.17615,-0.12065
0.079726,0.082447,0.04658,-0.076616,0.038364,0.094663,0.033557,0.034234,-0.038103,-0.010151,0.059746,0.073565,0.062272,-0.053829,0.033663,0.048675
0.11858,0.10009,-0.039849,-0.088246,0.1032,0.05528,-0.12049,0.18467,-0.14878,-0.072258,0.23133,0.11837,0.11583,0.090568,0.11259,0.022657
0.021773,0.28593,0.19358,0.16882,0.43143,-0.13594,-0.1438,0.40549,-0.36748,-0.36638,0.040883,0.30736,0.028248,-0.13245,0.023989,-0.13088
-0.1216,0.054227,-0.10869,0.10986,0.14039,0.080708,0.089685,0.080615,-0.044042,-0.1401,-0.20809,-0.16149,-0.095418,-0.12596,0.082342,0.08025
-0.04281,0.17471,-0.2488,-0.24189,0.25895,-0.084819,0.026539,-0.029359,0.080881,0.014864,0.3815,-0.21484,-0.0626,-0.033107,0.26418,0.20675
0.023365,0.25497,0.25596,-0.32981,0.12483,-0.22719,0.2677,0.33904,-0.23847,0.14403,-0.27421,0.071472,-0.01544,0.057071,0.09719,0.12186
0.088617,-0.027688,0.11775,0.052582,0.025081,0.12903,0.11531,0.13898,0.12253,-0.012465,0.17166,-0.11564,-0.16663,0.18154,0.099687,-0.013115
0.0031756,-0.12649,0.025441,-0.12257,-0.19136,0.14339,0.15145,0.12437,0.20133,0.096699,0.096052,0.088887,0.048034,0.093882,0.053987,0.020251
-0.088251,-0.27243,0.3026,-0.23635,-0.20652,0.27219,0.093317,-0.21114,0.28879,-0.015697,-0.0048431,-0.055491,0.10502,-0.050729,0.1634,-0.11314
0.012108,0.17116,0.14443,0.16983,0.12735,-0.10647,-0.070018,0.024494,0.02022,0.042065,-0.027594,0.0010857,-0.25509,-0.01748,0.13692,-0.17907
-0.045283,0.047783,-0.099949,-0.020984,5.5224e-05,-0.091325,-0.029872,-0.10025,0.058451,-0.10286,-0.080754,-0.071078,0.045692,0.043369,0.034751,0.15915
0.088805,-0.083844,-0.014102,0.21426,0.22035,-0.19031,-0.077633,-0.22798,0.2853,-0.21844,-0.1288,0.1937,0.25561,0.16564,0.12864,0.17246
-0.027492,-0.064993,0.091419,0.0084022,0.060967,-0.086813,0.12084,-0.083158,-0.27992,0.17314,0.13428,-0.13887,-0.22073,0.13767,0.031139,-0.18724
-0.034681,0.074742,-0.047228,0.078848,0.12141,-0.1459,-0.1102,-0.056369,-0.18708,0.074615,-0.0075832,-0.00089802,0.26945,0.10578,-0.10861,-0.013603
-0.06972,0.06982,-0.033508,-0.10021,-0.30117,0.015997,0.18061,0.18145,-0.12385,0.028345,-0.23226,0.042518,0.018883,0.3086,0.0945,0.027729
-0.0095886,0.086855,-0.039262,0.020818,-0.16908,-0.22942,-0.022447,-0.10256,0.38155,0.20264,-0.25164,-0.15726,-0.14965,-0.015418,-0.10857,0.13883
-0.052916,-0.022248,0.018295,0.02106,-0.28112,-0.33829,0.087195,0.27783,0.10559,0.19528,-0.25558,0.1376,0.30855,-0.25022,-0.23153,0.041827
0.069346,0.023869,0.0345,-0.047896,0.0091481,-0.099559,-0.032326,0.092576,0.1228,0.022253,0.090503,0.11539,0.12033,-0.037796,0.011288,0.12748
0.050062,0.19806,0.25008,0.36801,0.4411,0.042591,-0.26258,0.0071919,-0.12186,0.098545,-0.14718,0.038651,-0.30144,0.029282,-0.1135,0.16956
-0.020653,0.098114,-0.03957,0.075408,0.078412,-0.094133,-0.081752,-0.067519,-0.073553,-0.048555,-0.070332,-0.045437,-0.045886,-0.10055,-0.10862,-0.065767
0.077328,0.074934,0.13356,0.2288,-0.40048,-0.24519,-0.06826,0.25638,0.18078,0.16885,-0.31558,-0.061962,0.30406,0.012115,0.098512,-0.15246
0.08789,-0.074011,-0.027537,-0.020576,0.033161,0.00048302,0.1185,0.70168,-0.20534,-0.067323,-0.28223,0.057251,0.02206,-0.32627,0.2503,-0.0082025
-0.0083747,0.13081,0.15235,-0.11023,-0.080792,-0.043698,0.021044,-0.11808,-0.043142,-0.050744,0.25171,-0.14581,-0.091145,-0.10656,-0.10977,-0.043297
-0.062448,-0.053676,0.013578,0.064079,0.13808,0.066005,0.09714,0.030984,-0.0015703,-0.18766,-0.16707,-0.1466,-0.17802,0.12293,0.10282,0.002824
0.061201,0.059913,0.019351,-0.020504,0.099477,-0.067234,0.036162,0.037165,-0.014591,0.033824,-0.036754,0.05703,-0.0022871,0.089234,0.093812,-0.074645
-0.03394,0.085542,0.030449,-0.089992,0.052528,-0.063776,0.19279,-0.17848,-0.17275,0.29515,0.0127,-0.16093,-0.087736,0.058415,-0.15721,-0.10213
-0.083137,-0.043533,-0.09103,-0.015444,-0.058755,-0.24452,-0.04372,0.18601,0.07768,-0.22225,-0.092624,-0.055258,-0.053666,-0.11726,0.22756,0.12792
0.039541,0.14815,0.10695,0.09563,-0.032396,-0.016922,0.094081,-0.44476,0.11029,0.017373,0.0030948,0.14327,-0.054697,-0.023662,0.15416,-0.11036
0.10353,0.030622,-0.025957,-0.16787,0.084789,-0.066682,-0.052644,0.04828,0.041822,-0.12547,0.21037,0.14307,-0.16142,0.16174,-0.21206,0.11466
-0.0038195,-0.091715,-0.081847,-0.24813,-0.32117,-0.32605,-0.080752,0.006038,0.048407,0.20304,0.19676,0.052069,0.36636,-0.12773,-0.19784,-0.13293
-0.08555,0.17243,0.4018,-0.12615,0.13191,-0.050257,0.073111,-0.12469,-0.42311,0.14814,0.054953,0.26268,-0.00049255,-0.25969,0.1032,0.091787
0.070533,-0.039312,0.32585,-0.08928,0.34903,-0.19739,-0.088256,0.16264,0.046357,0.072194,-0.10664,-0.27488,-0.34386,-0.17595,-0.14899,-0.13278
-0.028109,0.055375,0.060633,0.035516,-0.00099038,0.0055535,-0.069873,0.02689,0.18141,-0.14691,0.087632,0.034246,0.04493,0.051769,-0.015924,0.089479
0.082154,0.06088,0.082006,0.030082,-0.032478,-0.074377,0.12898,0.11886,-0.028735,-0.12628,0.073298,0.031086,0.10194,-0.029022,-0.067645,0.069922
-0.070878,-0.047672,-0.0014847,0.12555,-0.16206,0.028568,0.066927,0.055616,0.11508,0.019307,0.062824,0.025258,-0.069977,0.13538,-0.17904,-0.041805
-0.04057,0.23748,0.07586,0.16759,0.23856,-0.059931,-0.21945,-0.1974,0.055659,0.19083,-0.060129,-0.27698,0.42362,0.14308,0.046703,0.11545
-0.009635,0.046836,0.07601,-0.054869,0.090294,0.045678,-0.01399,0.095461,0.074999,0.021817,0.0297,0.090313,-0.0016377,0.069424,0.0033071,0.018552
-0.0045608,-0.14099,-0.16121,-0.092047,-0.035332,-0.0070288,-0.097047,0.015699,-0.12524,-0.13643,0.28373,-0.11025,0.21394,-0.017308,-0.34544,-0.2457
-0.077845,-0.16427,0.064617,-0.12841,0.30593,0.10882,0.17957,-0.1757,-0.178,-0.21486,-0.23722,-0.1986,-0.09107,-0.084024,-0.13335,-0.14674
-0.055029,0.06766,-0.092979,0.061623,-0.030042,0.094734,0.103,0.083808,-0.017969,0.11822,0.030184,0.072932,0.068051,-0.085293,-0.14607,-0.11668
-0.031702,0.3851,0.37054,0.01525,0.069054,-0.15067,0.030855,-0.045501,0.17714,0.072328,-0.60146,-0.0089148,-0.068998,-0.010717,0.029977,0.012334
0.067787,0.10424,0.22547,0.20527,-0.04332,-0.11112,0.034485,0.20709,0.15446,0.0031405,-0.096851,-0.095833,-0.2496,-0.1098,-0.00080196,-0.065323
0.029499,0.091906,-0.043706,0.033398,-0.052951,-0.085593,0.084385,0.15737,0.11317,0.12733,0.038575,-0.042739,-0.13219,0.018937,-0.020048,-0.119
0.03223,0.254,0.043605,-0.082627,-0.058838,-0.22716,0.046571,-0.0011071,-0.13845,-0.034767,0.36894,0.19083,0.089504,-0.049341,-0.080715,-0.039999
-0.006104,-0.1116,0.26633,-0.017517,0.10752,-0.043435,0.0057944,-0.10729,-0.10744,0.60597,-0.66476,-0.19341,0.44269,-0.065651,-0.16219,0.079633
